areaCode,areaName,areaType,date,newCasesBySpecimenDateRollingSum
E06000022,Bath and North East Somerset,utla,2021-08-17,730
E06000022,Bath and North East Somerset,utla,2021-08-16,619
E06000022,Bath and North East Somerset,utla,2021-08-15,575
E06000022,Bath and North East Somerset,utla,2021-08-14,574
E06000022,Bath and North East Somerset,utla,2021-08-13,562
E06000022,Bath and North East Somerset,utla,2021-08-12,568
E06000022,Bath and North East Somerset,utla,2021-08-11,579
E06000022,Bath and North East Somerset,utla,2021-08-10,583
E06000022,Bath and North East Somerset,utla,2021-08-09,589
E06000022,Bath and North East Somerset,utla,2021-08-08,586
E06000022,Bath and North East Somerset,utla,2021-08-07,583
E06000022,Bath and North East Somerset,utla,2021-08-06,600
E06000022,Bath and North East Somerset,utla,2021-08-05,600
E06000022,Bath and North East Somerset,utla,2021-08-04,591
E06000022,Bath and North East Somerset,utla,2021-08-03,578
E06000022,Bath and North East Somerset,utla,2021-08-02,595
E06000022,Bath and North East Somerset,utla,2021-08-01,612
E06000022,Bath and North East Somerset,utla,2021-07-31,627
E06000022,Bath and North East Somerset,utla,2021-07-30,624
E06000022,Bath and North East Somerset,utla,2021-07-29,622
E06000022,Bath and North East Somerset,utla,2021-07-28,629
E06000022,Bath and North East Somerset,utla,2021-07-27,634
E06000022,Bath and North East Somerset,utla,2021-07-26,668
E06000022,Bath and North East Somerset,utla,2021-07-25,723
E06000022,Bath and North East Somerset,utla,2021-07-24,774
E06000022,Bath and North East Somerset,utla,2021-07-23,848
E06000022,Bath and North East Somerset,utla,2021-07-22,994
E06000022,Bath and North East Somerset,utla,2021-07-21,1179
E06000022,Bath and North East Somerset,utla,2021-07-20,1356
E06000022,Bath and North East Somerset,utla,2021-07-19,1439
E06000022,Bath and North East Somerset,utla,2021-07-18,1454
E06000022,Bath and North East Somerset,utla,2021-07-17,1425
E06000022,Bath and North East Somerset,utla,2021-07-16,1388
E06000022,Bath and North East Somerset,utla,2021-07-15,1259
E06000022,Bath and North East Somerset,utla,2021-07-14,1093
E06000022,Bath and North East Somerset,utla,2021-07-13,941
E06000022,Bath and North East Somerset,utla,2021-07-12,845
E06000022,Bath and North East Somerset,utla,2021-07-11,783
E06000022,Bath and North East Somerset,utla,2021-07-10,748
E06000022,Bath and North East Somerset,utla,2021-07-09,709
E06000022,Bath and North East Somerset,utla,2021-07-08,673
E06000022,Bath and North East Somerset,utla,2021-07-07,640
E06000022,Bath and North East Somerset,utla,2021-07-06,612
E06000022,Bath and North East Somerset,utla,2021-07-05,563
E06000022,Bath and North East Somerset,utla,2021-07-04,518
E06000022,Bath and North East Somerset,utla,2021-07-03,481
E06000022,Bath and North East Somerset,utla,2021-07-02,452
E06000022,Bath and North East Somerset,utla,2021-07-01,420
E06000022,Bath and North East Somerset,utla,2021-06-30,376
E06000022,Bath and North East Somerset,utla,2021-06-29,327
E06000022,Bath and North East Somerset,utla,2021-06-28,299
E06000022,Bath and North East Somerset,utla,2021-06-27,284
E06000022,Bath and North East Somerset,utla,2021-06-26,268
E06000022,Bath and North East Somerset,utla,2021-06-25,260
E06000022,Bath and North East Somerset,utla,2021-06-24,255
E06000022,Bath and North East Somerset,utla,2021-06-23,264
E06000022,Bath and North East Somerset,utla,2021-06-22,250
E06000022,Bath and North East Somerset,utla,2021-06-21,232
E06000022,Bath and North East Somerset,utla,2021-06-20,210
E06000022,Bath and North East Somerset,utla,2021-06-19,211
E06000022,Bath and North East Somerset,utla,2021-06-18,213
E06000022,Bath and North East Somerset,utla,2021-06-17,205
E06000022,Bath and North East Somerset,utla,2021-06-16,182
E06000022,Bath and North East Somerset,utla,2021-06-15,172
E06000022,Bath and North East Somerset,utla,2021-06-14,160
E06000022,Bath and North East Somerset,utla,2021-06-13,142
E06000022,Bath and North East Somerset,utla,2021-06-12,124
E06000022,Bath and North East Somerset,utla,2021-06-11,99
E06000022,Bath and North East Somerset,utla,2021-06-10,87
E06000022,Bath and North East Somerset,utla,2021-06-09,67
E06000022,Bath and North East Somerset,utla,2021-06-08,57
E06000022,Bath and North East Somerset,utla,2021-06-07,46
E06000022,Bath and North East Somerset,utla,2021-06-06,42
E06000022,Bath and North East Somerset,utla,2021-06-05,37
E06000022,Bath and North East Somerset,utla,2021-06-04,35
E06000022,Bath and North East Somerset,utla,2021-06-03,28
E06000022,Bath and North East Somerset,utla,2021-06-02,26
E06000022,Bath and North East Somerset,utla,2021-06-01,20
E06000022,Bath and North East Somerset,utla,2021-05-31,20
E06000022,Bath and North East Somerset,utla,2021-05-30,19
E06000022,Bath and North East Somerset,utla,2021-05-29,19
E06000022,Bath and North East Somerset,utla,2021-05-28,18
E06000022,Bath and North East Somerset,utla,2021-05-27,19
E06000022,Bath and North East Somerset,utla,2021-05-26,20
E06000022,Bath and North East Somerset,utla,2021-05-25,17
E06000022,Bath and North East Somerset,utla,2021-05-24,15
E06000022,Bath and North East Somerset,utla,2021-05-23,18
E06000022,Bath and North East Somerset,utla,2021-05-22,19
E06000022,Bath and North East Somerset,utla,2021-05-21,21
E06000022,Bath and North East Somerset,utla,2021-05-20,21
E06000022,Bath and North East Somerset,utla,2021-05-19,25
E06000022,Bath and North East Somerset,utla,2021-05-18,26
E06000022,Bath and North East Somerset,utla,2021-05-17,30
E06000022,Bath and North East Somerset,utla,2021-05-16,27
E06000022,Bath and North East Somerset,utla,2021-05-15,29
E06000022,Bath and North East Somerset,utla,2021-05-14,29
E06000022,Bath and North East Somerset,utla,2021-05-13,27
E06000022,Bath and North East Somerset,utla,2021-05-12,22
E06000022,Bath and North East Somerset,utla,2021-05-11,22
E06000022,Bath and North East Somerset,utla,2021-05-10,23
E06000022,Bath and North East Somerset,utla,2021-05-09,24
E06000022,Bath and North East Somerset,utla,2021-05-08,22
E06000022,Bath and North East Somerset,utla,2021-05-07,20
E06000022,Bath and North East Somerset,utla,2021-05-06,20
E06000022,Bath and North East Somerset,utla,2021-05-05,23
E06000022,Bath and North East Somerset,utla,2021-05-04,24
E06000022,Bath and North East Somerset,utla,2021-05-03,18
E06000022,Bath and North East Somerset,utla,2021-05-02,17
E06000022,Bath and North East Somerset,utla,2021-05-01,17
E06000022,Bath and North East Somerset,utla,2021-04-30,17
E06000022,Bath and North East Somerset,utla,2021-04-29,22
E06000022,Bath and North East Somerset,utla,2021-04-28,20
E06000022,Bath and North East Somerset,utla,2021-04-27,19
E06000022,Bath and North East Somerset,utla,2021-04-26,21
E06000022,Bath and North East Somerset,utla,2021-04-25,19
E06000022,Bath and North East Somerset,utla,2021-04-24,19
E06000022,Bath and North East Somerset,utla,2021-04-23,20
E06000022,Bath and North East Somerset,utla,2021-04-22,15
E06000022,Bath and North East Somerset,utla,2021-04-21,14
E06000022,Bath and North East Somerset,utla,2021-04-20,16
E06000022,Bath and North East Somerset,utla,2021-04-19,16
E06000022,Bath and North East Somerset,utla,2021-04-18,17
E06000022,Bath and North East Somerset,utla,2021-04-17,16
E06000022,Bath and North East Somerset,utla,2021-04-16,16
E06000022,Bath and North East Somerset,utla,2021-04-15,17
E06000022,Bath and North East Somerset,utla,2021-04-14,20
E06000022,Bath and North East Somerset,utla,2021-04-13,17
E06000022,Bath and North East Somerset,utla,2021-04-12,14
E06000022,Bath and North East Somerset,utla,2021-04-11,21
E06000022,Bath and North East Somerset,utla,2021-04-10,25
E06000022,Bath and North East Somerset,utla,2021-04-09,25
E06000022,Bath and North East Somerset,utla,2021-04-08,27
E06000022,Bath and North East Somerset,utla,2021-04-07,27
E06000022,Bath and North East Somerset,utla,2021-04-06,28
E06000022,Bath and North East Somerset,utla,2021-04-05,27
E06000022,Bath and North East Somerset,utla,2021-04-04,20
E06000022,Bath and North East Somerset,utla,2021-04-03,19
E06000022,Bath and North East Somerset,utla,2021-04-02,18
E06000022,Bath and North East Somerset,utla,2021-04-01,15
E06000022,Bath and North East Somerset,utla,2021-03-31,16
E06000022,Bath and North East Somerset,utla,2021-03-30,19
E06000022,Bath and North East Somerset,utla,2021-03-29,29
E06000022,Bath and North East Somerset,utla,2021-03-28,32
E06000022,Bath and North East Somerset,utla,2021-03-27,30
E06000022,Bath and North East Somerset,utla,2021-03-26,31
E06000022,Bath and North East Somerset,utla,2021-03-25,34
E06000022,Bath and North East Somerset,utla,2021-03-24,35
E06000022,Bath and North East Somerset,utla,2021-03-23,35
E06000022,Bath and North East Somerset,utla,2021-03-22,30
E06000022,Bath and North East Somerset,utla,2021-03-21,37
E06000022,Bath and North East Somerset,utla,2021-03-20,37
E06000022,Bath and North East Somerset,utla,2021-03-19,39
E06000022,Bath and North East Somerset,utla,2021-03-18,40
E06000022,Bath and North East Somerset,utla,2021-03-17,37
E06000022,Bath and North East Somerset,utla,2021-03-16,35
E06000022,Bath and North East Somerset,utla,2021-03-15,34
E06000022,Bath and North East Somerset,utla,2021-03-14,28
E06000022,Bath and North East Somerset,utla,2021-03-13,29
E06000022,Bath and North East Somerset,utla,2021-03-12,33
E06000022,Bath and North East Somerset,utla,2021-03-11,34
E06000022,Bath and North East Somerset,utla,2021-03-10,35
E06000022,Bath and North East Somerset,utla,2021-03-09,45
E06000022,Bath and North East Somerset,utla,2021-03-08,48
E06000022,Bath and North East Somerset,utla,2021-03-07,52
E06000022,Bath and North East Somerset,utla,2021-03-06,55
E06000022,Bath and North East Somerset,utla,2021-03-05,54
E06000022,Bath and North East Somerset,utla,2021-03-04,56
E06000022,Bath and North East Somerset,utla,2021-03-03,64
E06000022,Bath and North East Somerset,utla,2021-03-02,63
E06000022,Bath and North East Somerset,utla,2021-03-01,67
E06000022,Bath and North East Somerset,utla,2021-02-28,68
E06000022,Bath and North East Somerset,utla,2021-02-27,70
E06000022,Bath and North East Somerset,utla,2021-02-26,77
E06000022,Bath and North East Somerset,utla,2021-02-25,84
E06000022,Bath and North East Somerset,utla,2021-02-24,92
E06000022,Bath and North East Somerset,utla,2021-02-23,85
E06000022,Bath and North East Somerset,utla,2021-02-22,89
E06000022,Bath and North East Somerset,utla,2021-02-21,92
E06000022,Bath and North East Somerset,utla,2021-02-20,102
E06000022,Bath and North East Somerset,utla,2021-02-19,97
E06000022,Bath and North East Somerset,utla,2021-02-18,97
E06000022,Bath and North East Somerset,utla,2021-02-17,98
E06000022,Bath and North East Somerset,utla,2021-02-16,124
E06000022,Bath and North East Somerset,utla,2021-02-15,131
E06000022,Bath and North East Somerset,utla,2021-02-14,147
E06000022,Bath and North East Somerset,utla,2021-02-13,146
E06000022,Bath and North East Somerset,utla,2021-02-12,158
E06000022,Bath and North East Somerset,utla,2021-02-11,169
E06000022,Bath and North East Somerset,utla,2021-02-10,177
E06000022,Bath and North East Somerset,utla,2021-02-09,173
E06000022,Bath and North East Somerset,utla,2021-02-08,194
E06000022,Bath and North East Somerset,utla,2021-02-07,190
E06000022,Bath and North East Somerset,utla,2021-02-06,194
E06000022,Bath and North East Somerset,utla,2021-02-05,198
E06000022,Bath and North East Somerset,utla,2021-02-04,230
E06000022,Bath and North East Somerset,utla,2021-02-03,248
E06000022,Bath and North East Somerset,utla,2021-02-02,282
E06000022,Bath and North East Somerset,utla,2021-02-01,304
E06000022,Bath and North East Somerset,utla,2021-01-31,338
E06000022,Bath and North East Somerset,utla,2021-01-30,353
E06000022,Bath and North East Somerset,utla,2021-01-29,367
E06000022,Bath and North East Somerset,utla,2021-01-28,371
E06000022,Bath and North East Somerset,utla,2021-01-27,383
E06000022,Bath and North East Somerset,utla,2021-01-26,411
E06000022,Bath and North East Somerset,utla,2021-01-25,415
E06000022,Bath and North East Somerset,utla,2021-01-24,443
E06000022,Bath and North East Somerset,utla,2021-01-23,466
E06000022,Bath and North East Somerset,utla,2021-01-22,475
E06000022,Bath and North East Somerset,utla,2021-01-21,516
E06000022,Bath and North East Somerset,utla,2021-01-20,570
E06000022,Bath and North East Somerset,utla,2021-01-19,569
E06000022,Bath and North East Somerset,utla,2021-01-18,602
E06000022,Bath and North East Somerset,utla,2021-01-17,671
E06000022,Bath and North East Somerset,utla,2021-01-16,682
E06000022,Bath and North East Somerset,utla,2021-01-15,743
E06000022,Bath and North East Somerset,utla,2021-01-14,751
E06000022,Bath and North East Somerset,utla,2021-01-13,726
E06000022,Bath and North East Somerset,utla,2021-01-12,763
E06000022,Bath and North East Somerset,utla,2021-01-11,803
E06000022,Bath and North East Somerset,utla,2021-01-10,775
E06000022,Bath and North East Somerset,utla,2021-01-09,782
E06000022,Bath and North East Somerset,utla,2021-01-08,776
E06000022,Bath and North East Somerset,utla,2021-01-07,733
E06000022,Bath and North East Somerset,utla,2021-01-06,717
E06000022,Bath and North East Somerset,utla,2021-01-05,696
E06000022,Bath and North East Somerset,utla,2021-01-04,689
E06000022,Bath and North East Somerset,utla,2021-01-03,665
E06000022,Bath and North East Somerset,utla,2021-01-02,647
E06000022,Bath and North East Somerset,utla,2021-01-01,599
E06000022,Bath and North East Somerset,utla,2020-12-31,548
E06000022,Bath and North East Somerset,utla,2020-12-30,510
E06000022,Bath and North East Somerset,utla,2020-12-29,452
E06000022,Bath and North East Somerset,utla,2020-12-28,361
E06000022,Bath and North East Somerset,utla,2020-12-27,339
E06000022,Bath and North East Somerset,utla,2020-12-26,321
E06000022,Bath and North East Somerset,utla,2020-12-25,293
E06000022,Bath and North East Somerset,utla,2020-12-24,315
E06000022,Bath and North East Somerset,utla,2020-12-23,315
E06000022,Bath and North East Somerset,utla,2020-12-22,307
E06000022,Bath and North East Somerset,utla,2020-12-21,295
E06000022,Bath and North East Somerset,utla,2020-12-20,248
E06000022,Bath and North East Somerset,utla,2020-12-19,230
E06000022,Bath and North East Somerset,utla,2020-12-18,225
E06000022,Bath and North East Somerset,utla,2020-12-17,210
E06000022,Bath and North East Somerset,utla,2020-12-16,202
E06000022,Bath and North East Somerset,utla,2020-12-15,189
E06000022,Bath and North East Somerset,utla,2020-12-14,178
E06000022,Bath and North East Somerset,utla,2020-12-13,167
E06000022,Bath and North East Somerset,utla,2020-12-12,155
E06000022,Bath and North East Somerset,utla,2020-12-11,158
E06000022,Bath and North East Somerset,utla,2020-12-10,172
E06000022,Bath and North East Somerset,utla,2020-12-09,184
E06000022,Bath and North East Somerset,utla,2020-12-08,181
E06000022,Bath and North East Somerset,utla,2020-12-07,197
E06000022,Bath and North East Somerset,utla,2020-12-06,208
E06000022,Bath and North East Somerset,utla,2020-12-05,216
E06000022,Bath and North East Somerset,utla,2020-12-04,204
E06000022,Bath and North East Somerset,utla,2020-12-03,195
E06000022,Bath and North East Somerset,utla,2020-12-02,178
E06000022,Bath and North East Somerset,utla,2020-12-01,179
E06000022,Bath and North East Somerset,utla,2020-11-30,165
E06000022,Bath and North East Somerset,utla,2020-11-29,155
E06000022,Bath and North East Somerset,utla,2020-11-28,163
E06000022,Bath and North East Somerset,utla,2020-11-27,168
E06000022,Bath and North East Somerset,utla,2020-11-26,165
E06000022,Bath and North East Somerset,utla,2020-11-25,175
E06000022,Bath and North East Somerset,utla,2020-11-24,196
E06000022,Bath and North East Somerset,utla,2020-11-23,211
E06000022,Bath and North East Somerset,utla,2020-11-22,274
E06000022,Bath and North East Somerset,utla,2020-11-21,302
E06000022,Bath and North East Somerset,utla,2020-11-20,339
E06000022,Bath and North East Somerset,utla,2020-11-19,417
E06000022,Bath and North East Somerset,utla,2020-11-18,436
E06000022,Bath and North East Somerset,utla,2020-11-17,446
E06000022,Bath and North East Somerset,utla,2020-11-16,465
E06000022,Bath and North East Somerset,utla,2020-11-15,465
E06000022,Bath and North East Somerset,utla,2020-11-14,475
E06000022,Bath and North East Somerset,utla,2020-11-13,484
E06000022,Bath and North East Somerset,utla,2020-11-12,454
E06000022,Bath and North East Somerset,utla,2020-11-11,475
E06000022,Bath and North East Somerset,utla,2020-11-10,502
E06000022,Bath and North East Somerset,utla,2020-11-09,507
E06000022,Bath and North East Somerset,utla,2020-11-08,480
E06000022,Bath and North East Somerset,utla,2020-11-07,461
E06000022,Bath and North East Somerset,utla,2020-11-06,438
E06000022,Bath and North East Somerset,utla,2020-11-05,445
E06000022,Bath and North East Somerset,utla,2020-11-04,441
E06000022,Bath and North East Somerset,utla,2020-11-03,451
E06000022,Bath and North East Somerset,utla,2020-11-02,498
E06000022,Bath and North East Somerset,utla,2020-11-01,522
E06000022,Bath and North East Somerset,utla,2020-10-31,534
E06000022,Bath and North East Somerset,utla,2020-10-30,542
E06000022,Bath and North East Somerset,utla,2020-10-29,528
E06000022,Bath and North East Somerset,utla,2020-10-28,521
E06000022,Bath and North East Somerset,utla,2020-10-27,543
E06000022,Bath and North East Somerset,utla,2020-10-26,505
E06000022,Bath and North East Somerset,utla,2020-10-25,490
E06000022,Bath and North East Somerset,utla,2020-10-24,450
E06000022,Bath and North East Somerset,utla,2020-10-23,426
E06000022,Bath and North East Somerset,utla,2020-10-22,411
E06000022,Bath and North East Somerset,utla,2020-10-21,381
E06000022,Bath and North East Somerset,utla,2020-10-20,305
E06000022,Bath and North East Somerset,utla,2020-10-19,277
E06000022,Bath and North East Somerset,utla,2020-10-18,245
E06000022,Bath and North East Somerset,utla,2020-10-17,263
E06000022,Bath and North East Somerset,utla,2020-10-16,279
E06000022,Bath and North East Somerset,utla,2020-10-15,276
E06000022,Bath and North East Somerset,utla,2020-10-14,302
E06000022,Bath and North East Somerset,utla,2020-10-13,327
E06000022,Bath and North East Somerset,utla,2020-10-12,328
E06000022,Bath and North East Somerset,utla,2020-10-11,319
E06000022,Bath and North East Somerset,utla,2020-10-10,309
E06000022,Bath and North East Somerset,utla,2020-10-09,303
E06000022,Bath and North East Somerset,utla,2020-10-08,273
E06000022,Bath and North East Somerset,utla,2020-10-07,233
E06000022,Bath and North East Somerset,utla,2020-10-06,188
E06000022,Bath and North East Somerset,utla,2020-10-05,153
E06000022,Bath and North East Somerset,utla,2020-10-04,133
E06000022,Bath and North East Somerset,utla,2020-10-03,114
E06000022,Bath and North East Somerset,utla,2020-10-02,88
E06000022,Bath and North East Somerset,utla,2020-10-01,82
E06000022,Bath and North East Somerset,utla,2020-09-30,76
E06000022,Bath and North East Somerset,utla,2020-09-29,66
E06000022,Bath and North East Somerset,utla,2020-09-28,66
E06000022,Bath and North East Somerset,utla,2020-09-27,64
E06000022,Bath and North East Somerset,utla,2020-09-26,62
E06000022,Bath and North East Somerset,utla,2020-09-25,56
E06000022,Bath and North East Somerset,utla,2020-09-24,46
E06000022,Bath and North East Somerset,utla,2020-09-23,41
E06000022,Bath and North East Somerset,utla,2020-09-22,36
E06000022,Bath and North East Somerset,utla,2020-09-21,32
E06000022,Bath and North East Somerset,utla,2020-09-20,28
E06000022,Bath and North East Somerset,utla,2020-09-19,23
E06000022,Bath and North East Somerset,utla,2020-09-18,21
E06000022,Bath and North East Somerset,utla,2020-09-17,24
E06000022,Bath and North East Somerset,utla,2020-09-16,19
E06000022,Bath and North East Somerset,utla,2020-09-15,20
E06000022,Bath and North East Somerset,utla,2020-09-14,19
E06000022,Bath and North East Somerset,utla,2020-09-13,16
E06000022,Bath and North East Somerset,utla,2020-09-12,22
E06000022,Bath and North East Somerset,utla,2020-09-11,24
E06000022,Bath and North East Somerset,utla,2020-09-10,20
E06000022,Bath and North East Somerset,utla,2020-09-09,26
E06000022,Bath and North East Somerset,utla,2020-09-08,28
E06000022,Bath and North East Somerset,utla,2020-09-07,30
E06000022,Bath and North East Somerset,utla,2020-09-06,32
E06000022,Bath and North East Somerset,utla,2020-09-05,26
E06000022,Bath and North East Somerset,utla,2020-09-04,23
E06000022,Bath and North East Somerset,utla,2020-09-03,21
E06000022,Bath and North East Somerset,utla,2020-09-02,20
E06000022,Bath and North East Somerset,utla,2020-09-01,19
E06000022,Bath and North East Somerset,utla,2020-08-31,14
E06000022,Bath and North East Somerset,utla,2020-08-30,15
E06000022,Bath and North East Somerset,utla,2020-08-29,14
E06000022,Bath and North East Somerset,utla,2020-08-28,16
E06000022,Bath and North East Somerset,utla,2020-08-27,23
E06000022,Bath and North East Somerset,utla,2020-08-26,28
E06000022,Bath and North East Somerset,utla,2020-08-25,31
E06000022,Bath and North East Somerset,utla,2020-08-24,33
E06000022,Bath and North East Somerset,utla,2020-08-23,30
E06000022,Bath and North East Somerset,utla,2020-08-22,30
E06000022,Bath and North East Somerset,utla,2020-08-21,28
E06000022,Bath and North East Somerset,utla,2020-08-20,27
E06000022,Bath and North East Somerset,utla,2020-08-19,18
E06000022,Bath and North East Somerset,utla,2020-08-18,12
E06000022,Bath and North East Somerset,utla,2020-08-17,11
E06000022,Bath and North East Somerset,utla,2020-08-16,10
E06000022,Bath and North East Somerset,utla,2020-08-15,10
E06000022,Bath and North East Somerset,utla,2020-08-14,10
E06000022,Bath and North East Somerset,utla,2020-08-13,5
E06000022,Bath and North East Somerset,utla,2020-08-12,4
E06000022,Bath and North East Somerset,utla,2020-08-11,3
E06000022,Bath and North East Somerset,utla,2020-08-10,2
E06000022,Bath and North East Somerset,utla,2020-08-09,3
E06000022,Bath and North East Somerset,utla,2020-08-08,3
E06000022,Bath and North East Somerset,utla,2020-08-07,3
E06000022,Bath and North East Somerset,utla,2020-08-06,5
E06000022,Bath and North East Somerset,utla,2020-08-05,6
E06000022,Bath and North East Somerset,utla,2020-08-04,9
E06000022,Bath and North East Somerset,utla,2020-08-03,8
E06000022,Bath and North East Somerset,utla,2020-08-02,7
E06000022,Bath and North East Somerset,utla,2020-08-01,7
E06000022,Bath and North East Somerset,utla,2020-07-31,8
E06000022,Bath and North East Somerset,utla,2020-07-30,6
E06000022,Bath and North East Somerset,utla,2020-07-29,7
E06000022,Bath and North East Somerset,utla,2020-07-28,4
E06000022,Bath and North East Somerset,utla,2020-07-27,5
E06000022,Bath and North East Somerset,utla,2020-07-26,6
E06000022,Bath and North East Somerset,utla,2020-07-25,7
E06000022,Bath and North East Somerset,utla,2020-07-24,6
E06000022,Bath and North East Somerset,utla,2020-07-23,6
E06000022,Bath and North East Somerset,utla,2020-07-22,6
E06000022,Bath and North East Somerset,utla,2020-07-21,6
E06000022,Bath and North East Somerset,utla,2020-07-20,5
E06000022,Bath and North East Somerset,utla,2020-07-19,4
E06000022,Bath and North East Somerset,utla,2020-07-18,3
E06000022,Bath and North East Somerset,utla,2020-07-17,3
E06000022,Bath and North East Somerset,utla,2020-07-16,2
E06000022,Bath and North East Somerset,utla,2020-07-15,1
E06000022,Bath and North East Somerset,utla,2020-07-14,2
E06000022,Bath and North East Somerset,utla,2020-07-13,2
E06000022,Bath and North East Somerset,utla,2020-07-12,2
E06000022,Bath and North East Somerset,utla,2020-07-11,2
E06000022,Bath and North East Somerset,utla,2020-07-10,2
E06000022,Bath and North East Somerset,utla,2020-07-09,2
E06000022,Bath and North East Somerset,utla,2020-07-08,1
E06000022,Bath and North East Somerset,utla,2020-07-07,0
E06000022,Bath and North East Somerset,utla,2020-07-06,0
E06000022,Bath and North East Somerset,utla,2020-07-05,0
E06000022,Bath and North East Somerset,utla,2020-07-04,0
E06000022,Bath and North East Somerset,utla,2020-07-03,0
E06000022,Bath and North East Somerset,utla,2020-07-02,0
E06000022,Bath and North East Somerset,utla,2020-07-01,0
E06000022,Bath and North East Somerset,utla,2020-06-30,0
E06000022,Bath and North East Somerset,utla,2020-06-29,0
E06000022,Bath and North East Somerset,utla,2020-06-28,0
E06000022,Bath and North East Somerset,utla,2020-06-27,0
E06000022,Bath and North East Somerset,utla,2020-06-26,0
E06000022,Bath and North East Somerset,utla,2020-06-25,0
E06000022,Bath and North East Somerset,utla,2020-06-24,0
E06000022,Bath and North East Somerset,utla,2020-06-23,0
E06000022,Bath and North East Somerset,utla,2020-06-22,0
E06000022,Bath and North East Somerset,utla,2020-06-21,3
E06000022,Bath and North East Somerset,utla,2020-06-20,3
E06000022,Bath and North East Somerset,utla,2020-06-19,5
E06000022,Bath and North East Somerset,utla,2020-06-18,5
E06000022,Bath and North East Somerset,utla,2020-06-17,5
E06000022,Bath and North East Somerset,utla,2020-06-16,5
E06000022,Bath and North East Somerset,utla,2020-06-15,5
E06000022,Bath and North East Somerset,utla,2020-06-14,2
E06000022,Bath and North East Somerset,utla,2020-06-13,3
E06000022,Bath and North East Somerset,utla,2020-06-12,1
E06000022,Bath and North East Somerset,utla,2020-06-11,1
E06000022,Bath and North East Somerset,utla,2020-06-10,1
E06000022,Bath and North East Somerset,utla,2020-06-09,2
E06000022,Bath and North East Somerset,utla,2020-06-08,2
E06000022,Bath and North East Somerset,utla,2020-06-07,3
E06000022,Bath and North East Somerset,utla,2020-06-06,5
E06000022,Bath and North East Somerset,utla,2020-06-05,7
E06000022,Bath and North East Somerset,utla,2020-06-04,8
E06000022,Bath and North East Somerset,utla,2020-06-03,9
E06000022,Bath and North East Somerset,utla,2020-06-02,10
E06000022,Bath and North East Somerset,utla,2020-06-01,10
E06000022,Bath and North East Somerset,utla,2020-05-31,10
E06000022,Bath and North East Somerset,utla,2020-05-30,7
E06000022,Bath and North East Somerset,utla,2020-05-29,6
E06000022,Bath and North East Somerset,utla,2020-05-28,6
E06000022,Bath and North East Somerset,utla,2020-05-27,10
E06000022,Bath and North East Somerset,utla,2020-05-26,14
E06000022,Bath and North East Somerset,utla,2020-05-25,14
E06000022,Bath and North East Somerset,utla,2020-05-24,13
E06000022,Bath and North East Somerset,utla,2020-05-23,16
E06000022,Bath and North East Somerset,utla,2020-05-22,18
E06000022,Bath and North East Somerset,utla,2020-05-21,17
E06000022,Bath and North East Somerset,utla,2020-05-20,13
E06000022,Bath and North East Somerset,utla,2020-05-19,8
E06000022,Bath and North East Somerset,utla,2020-05-18,10
E06000022,Bath and North East Somerset,utla,2020-05-17,17
E06000022,Bath and North East Somerset,utla,2020-05-16,18
E06000022,Bath and North East Somerset,utla,2020-05-15,15
E06000022,Bath and North East Somerset,utla,2020-05-14,17
E06000022,Bath and North East Somerset,utla,2020-05-13,18
E06000022,Bath and North East Somerset,utla,2020-05-12,20
E06000022,Bath and North East Somerset,utla,2020-05-11,22
E06000022,Bath and North East Somerset,utla,2020-05-10,18
E06000022,Bath and North East Somerset,utla,2020-05-09,18
E06000022,Bath and North East Somerset,utla,2020-05-08,26
E06000022,Bath and North East Somerset,utla,2020-05-07,29
E06000022,Bath and North East Somerset,utla,2020-05-06,38
E06000022,Bath and North East Somerset,utla,2020-05-05,43
E06000022,Bath and North East Somerset,utla,2020-05-04,42
E06000022,Bath and North East Somerset,utla,2020-05-03,43
E06000022,Bath and North East Somerset,utla,2020-05-02,46
E06000022,Bath and North East Somerset,utla,2020-05-01,41
E06000022,Bath and North East Somerset,utla,2020-04-30,44
E06000022,Bath and North East Somerset,utla,2020-04-29,39
E06000022,Bath and North East Somerset,utla,2020-04-28,40
E06000022,Bath and North East Somerset,utla,2020-04-27,42
E06000022,Bath and North East Somerset,utla,2020-04-26,42
E06000022,Bath and North East Somerset,utla,2020-04-25,45
E06000022,Bath and North East Somerset,utla,2020-04-24,47
E06000022,Bath and North East Somerset,utla,2020-04-23,45
E06000022,Bath and North East Somerset,utla,2020-04-22,44
E06000022,Bath and North East Somerset,utla,2020-04-21,43
E06000022,Bath and North East Somerset,utla,2020-04-20,47
E06000022,Bath and North East Somerset,utla,2020-04-19,49
E06000022,Bath and North East Somerset,utla,2020-04-18,41
E06000022,Bath and North East Somerset,utla,2020-04-17,46
E06000022,Bath and North East Somerset,utla,2020-04-16,56
E06000022,Bath and North East Somerset,utla,2020-04-15,62
E06000022,Bath and North East Somerset,utla,2020-04-14,62
E06000022,Bath and North East Somerset,utla,2020-04-13,60
E06000022,Bath and North East Somerset,utla,2020-04-12,65
E06000022,Bath and North East Somerset,utla,2020-04-11,68
E06000022,Bath and North East Somerset,utla,2020-04-10,59
E06000022,Bath and North East Somerset,utla,2020-04-09,47
E06000022,Bath and North East Somerset,utla,2020-04-08,40
E06000022,Bath and North East Somerset,utla,2020-04-07,37
E06000022,Bath and North East Somerset,utla,2020-04-06,31
E06000022,Bath and North East Somerset,utla,2020-04-05,25
E06000022,Bath and North East Somerset,utla,2020-04-04,26
E06000022,Bath and North East Somerset,utla,2020-04-03,27
E06000022,Bath and North East Somerset,utla,2020-04-02,27
E06000022,Bath and North East Somerset,utla,2020-04-01,28
E06000022,Bath and North East Somerset,utla,2020-03-31,27
E06000022,Bath and North East Somerset,utla,2020-03-30,29
E06000022,Bath and North East Somerset,utla,2020-03-29,28
E06000022,Bath and North East Somerset,utla,2020-03-28,24
E06000022,Bath and North East Somerset,utla,2020-03-27,23
E06000022,Bath and North East Somerset,utla,2020-03-26,22
E06000022,Bath and North East Somerset,utla,2020-03-25,20
E06000022,Bath and North East Somerset,utla,2020-03-24,21
E06000022,Bath and North East Somerset,utla,2020-03-23,18
E06000022,Bath and North East Somerset,utla,2020-03-22,15
E06000022,Bath and North East Somerset,utla,2020-03-21,13
E06000022,Bath and North East Somerset,utla,2020-03-20,12
E06000022,Bath and North East Somerset,utla,2020-03-19,10
E06000022,Bath and North East Somerset,utla,2020-03-18,9
E06000022,Bath and North East Somerset,utla,2020-03-17,5
